IdNo,Name,PhoneNo,Address,Username,Email,Password,CreatedDate
1,Charlotte Stone,3689586644,8138 E Cypress St.,Cstone,charlotte.stone@example.com,bobby1,2017-11-21
2,Leah Gordon,3097574927,5503 Burkholder Dr,Lgordon,leah.gordon96@example.com,hilary,2017-11-21
3,Ross Matthews,9051279807,3601 Arther St,Rmatthews,ross.matthews24@example.com,discover,2017-11-21
4,Bradley Burton,5265769021,8222 California St,Bburton,bradley.burton75@example.com,smiles,2017-11-21
5,Andre Carter,2197563001,2136 Edwards Rd,Acarter,andre.carter24@example.com,prime,2017-11-21
6,Dustin Wood,7417256537,2710 Hogan St,Dwood,dustin.wood74@example.com,frogs,2017-11-21
7,Zoe Oliver,5217279454,2185 White Oak Dr,Zoliver,zoe.oliver36@example.com,solo,2017-11-21
8,Christina Crawford,9536645147,3414 Wyndham Ln,Ccrawford,christina.crawford14@example.com,handmade,2017-11-22
9,Jack Morgan,1785484471,4359 Hunters Creek Dr,Jmorgan,jack.morgan68@example.com,bubba,2017-11-23
10,Erica Boyd,4743908330,1543 Glendale St,Eboyd,erica.boyd98@example.com,digger,2017-11-24
11,Carole Hayes,7702091193,8768 Sable St,Chayes,carole.hayes23@example.com,eagles1,2017-11-25
12,Stacey Caldwell,5555629862,4023 Sable St,Scaldwell,stacey.caldwell88@example.com,milton,2017-11-26
13,Emily Gibson,2374273210,1703 E Cypress St,Egibson,emily.gibson10@example.com,another,2017-11-27
14,Sean Jenkins,2104225079,4500 Thornridge Cir,Sjenkins,sean.jenkins74@example.com,dog123,2017-11-28
15,Georgia Nguyen,1395435013,5646 Vinecrest Ave,Gnguyen,georgia.nguyen15@example.com,seahawks,2017-11-29
16,Brooklyn Herrera,7852578306,7515 Cackson St,Bherrera,brooklyn.herrera84@example.com,gideon,2017-11-30
17,Soham Richards,6557115125,3524 Nowlin Rd,Srichards,soham.richards34@example.com,lauren,2017-12-01
18,Todd Martin,3726272866,1728 Spring Hill Rd,Tmartin,todd.martin57@example.com,fenway,2017-12-02
19,Jackie Pena,6345987724,3684 Mcclellan Rd,Jpena,jackie.pena75@example.com,georgia,2017-12-03
20,Cameron Mckinney,2364704860,1174 Watika St,Cmckinney,cameron.mckinney40@example.com,macross,2017-12-04